gameId,gameName,status,gameSize,gameLength,lastTick,weatherLocation,weatherDate,logUrl,COLDPOWER2021,CrocodileAgent2020,IS3,Mertacor2021,TUC_TAC,UTA_PTA2021,VidyutVanika,
1,finals_2021_1,game_complete,7,1359,1358,denver,2008-10-29,http://ts.powertac.org/log/finals_2021_1.tar.gz,-63647.673649966724,-213655.19745934795,614175.7166299823,38882.01304747204,182734.1179484744,0.0,0.0,
2,finals_2021_2,game_complete,7,1524,1523,denver,2009-06-10,http://ts.powertac.org/log/finals_2021_2.tar.gz,408956.33371204074,695035.4969164768,183267.92853569167,141022.32325381707,1700646.1141097774,0.0,0.0,
3,finals_2021_3,game_complete,7,1420,1419,phoenix,2008-09-21,http://ts.powertac.org/log/finals_2021_3.tar.gz,283904.52543717134,338221.5207293387,-13030.355971628424,-38430.527041114205,430667.69057305437,0.0,-451005.4210780084,
4,finals_2021_4,game_complete,7,1613,1612,denver,2009-09-21,http://ts.powertac.org/log/finals_2021_4.tar.gz,-368697.7117124824,-58324.549177101384,-173899.8273958115,32218.812007174794,5194.448365913515,-212883.26685390272,50175.09807916357,
5,finals_2021_5,game_complete,7,1665,1664,minneapolis,2009-01-04,http://ts.powertac.org/log/finals_2021_5.tar.gz,12519.856136451479,-147475.66839076145,57384.421244071375,-1522655.2766951092,1185995.5715538803,0.0,1325305.8373750201,
6,finals_2021_6,game_complete,7,1355,1355,phoenix,2010-02-17,http://ts.powertac.org/log/finals_2021_6.tar.gz,7077.877446804088,-6281.163557874734,0.0,3931.95751138077,339669.204972692,-606252.416089141,211542.6432543796,
7,finals_2021_7,game_complete,7,1362,1361,denver,2009-11-11,http://ts.powertac.org/log/finals_2021_7.tar.gz,92515.7816107366,-2998.7351435159403,-8634.82743844164,50341.266569980195,855512.6855847891,-198917.02115764032,1400544.6209227056,
8,finals_2021_8,game_complete,7,1330,1329,phoenix,2009-12-07,http://ts.powertac.org/log/finals_2021_8.tar.gz,144037.78140783095,-6466.5443729247,-65528.84625589895,-203592.2119985028,1103686.0168700055,0.0,144590.04489265752,
9,finals_2021_9,game_complete,7,1321,1320,minneapolis,2009-04-10,http://ts.powertac.org/log/finals_2021_9.tar.gz,22597.54518310623,0.0,-100362.16264665547,-1836.982340217514,1084808.9004155896,153474.12847850064,216339.40787423373,
10,finals_2021_10,game_complete,7,1447,1446,phoenix,2009-02-12,http://ts.powertac.org/log/finals_2021_10.tar.gz,168956.75900426996,0.0,-88395.23577549923,-2202.4967818168907,280358.87787781574,-33434.36136549314,49774.53180056127,
11,finals_2021_11,game_complete,7,1321,1320,denver,2008-10-18,http://ts.powertac.org/log/finals_2021_11.tar.gz,-582932.8445279057,-16628.335475334152,-29300.194165821147,29269.872434969722,-813173.3153800037,-83718.22705033724,351281.9247584617,
12,finals_2021_12,game_complete,7,1320,1319,denver,2008-09-08,http://ts.powertac.org/log/finals_2021_12.tar.gz,65900.70420508966,156477.21667172245,-12666.0510311369,230580.72787056232,932106.2547315643,-202158.4590879826,-720684.1368743889,
13,finals_2021_13,game_complete,7,1368,1367,phoenix,2008-09-04,http://ts.powertac.org/log/finals_2021_13.tar.gz,-2324169.9035052736,-535466.0321413897,-78405.42746673994,2695559.5783981457,-3133700.0308453897,-1448452.9708671684,-630848.1988962508,
14,finals_2021_14,game_complete,7,1334,1333,phoenix,2010-03-04,http://ts.powertac.org/log/finals_2021_14.tar.gz,-4905.602021982166,-16780.2223588145,-145695.84347890297,192190.51484284576,217255.29553082105,-425839.2469064988,150679.1612592609,
15,finals_2021_15,game_complete,7,1499,1498,phoenix,2009-01-14,http://ts.powertac.org/log/finals_2021_15.tar.gz,-5869.326142321218,32939.839966554995,-122375.28220848681,534897.5114780868,1154507.8655640658,0.0,359612.72031708213,
16,finals_2021_16,game_complete,7,1417,1416,denver,2009-11-26,http://ts.powertac.org/log/finals_2021_16.tar.gz,-2118.5521754051765,72959.2979534343,-83354.70170335118,328604.68722870125,1116105.074074158,-893321.2946727123,249372.78386382683,
17,finals_2021_17,game_complete,7,1323,1322,denver,2009-06-10,http://ts.powertac.org/log/finals_2021_17.tar.gz,-16503.509005346586,24308.988650854233,-91676.9058767929,159058.9205624458,578356.0343078859,-279689.5879895836,-33601.01871699318,
18,finals_2021_18,game_complete,7,1466,1465,phoenix,2009-06-05,http://ts.powertac.org/log/finals_2021_18.tar.gz,-275226.0480875088,-636641.5311373096,5075253.370190051,-1.5033199915076101E7,-3065539.291493024,0.0,2545138.663646908,
19,finals_2021_19,game_complete,7,1324,1323,phoenix,2008-08-05,http://ts.powertac.org/log/finals_2021_19.tar.gz,-3534275.848790016,-590439.9634790032,-59948.176005904614,-1939396.763209439,-3125143.1097503607,-1703816.4434864891,-52778.87503162949,
20,finals_2021_20,game_complete,7,1381,1380,denver,2009-12-24,http://ts.powertac.org/log/finals_2021_20.tar.gz,-2878.8488055213006,50821.089750843224,-69164.26672865522,130379.03086323374,888891.3688860349,0.0,655211.2357967916,
21,finals_2021_21,game_complete,7,1392,1391,minneapolis,2008-10-18,http://ts.powertac.org/log/finals_2021_21.tar.gz,-705015.9433890366,-13063.551934706948,-98449.5047318364,-262105.79106167235,-681760.0287452455,0.0,604616.2438335461,
22,finals_2021_22,game_complete,7,1441,1440,denver,2008-09-21,http://ts.powertac.org/log/finals_2021_22.tar.gz,-239645.94427704552,39582.955162038146,-10848.932667592026,-44009.56732293278,57055.00924564881,0.0,78358.6323693689,
23,finals_2021_23,game_complete,7,1355,1354,minneapolis,2009-09-11,http://ts.powertac.org/log/finals_2021_23.tar.gz,-309504.0609688544,17822.116952359105,-79671.07962099243,-108970.15438805186,568767.0652476788,0.0,-209475.33591982338,
24,finals_2021_24,game_complete,7,1468,1466,denver,2009-11-06,http://ts.powertac.org/log/finals_2021_24.tar.gz,-347337.22794322856,-13893.070803343106,-153769.55946743485,52167.236150914156,440462.8859386257,-393420.7396282023,-57707.13183947686,
25,finals_2021_25,game_complete,7,1546,1545,minneapolis,2009-04-18,http://ts.powertac.org/log/finals_2021_25.tar.gz,31886.25839458315,26692.750880176445,-91807.66976008043,136180.0674851043,371063.4758721952,-426870.6673365732,307.9321165749684,
26,finals_2021_26,game_complete,7,1366,1364,minneapolis,2008-10-29,http://ts.powertac.org/log/finals_2021_26.tar.gz,-289096.0510871421,-141898.11734662377,-102392.59671480316,-130506.52766596864,-730100.4852737988,-45157.75083332901,-38704.00457329463,
27,finals_2021_27,game_complete,7,1351,1349,phoenix,2008-12-02,http://ts.powertac.org/log/finals_2021_27.tar.gz,-120684.54323135433,41045.91302165238,-215499.50004523655,419435.60506174725,1295400.3262595432,0.0,352418.7865478327,
28,finals_2021_28,game_complete,7,1331,1330,phoenix,2009-03-03,http://ts.powertac.org/log/finals_2021_28.tar.gz,32268.640058837995,-16322.058037263316,-132114.4479604252,-65114.16003807284,-731922.8290319747,-416549.7827232824,-248917.40561290525,
29,finals_2021_29,game_complete,7,1353,1351,denver,2009-06-30,http://ts.powertac.org/log/finals_2021_29.tar.gz,-88992.25916972765,37858.51287793635,-53772.007444502975,-92566.58868885326,-185640.75130729467,-222993.84392842042,-602662.630757249,
30,finals_2021_30,game_complete,7,1365,1364,phoenix,2010-01-01,http://ts.powertac.org/log/finals_2021_30.tar.gz,216789.77865366035,139921.91714691115,-50424.66576725917,121823.16798894717,1134762.1081627163,-383241.66656312585,710778.2614415445,
31,finals_2021_31,game_complete,7,1494,1492,phoenix,2009-01-08,http://ts.powertac.org/log/finals_2021_31.tar.gz,64024.92679001307,53839.25643307387,-103455.69394369336,349610.0267190539,863469.1549607714,-177305.41876021744,65489.099200376964,
32,finals_2021_32,game_complete,7,1635,1634,denver,2009-05-19,http://ts.powertac.org/log/finals_2021_32.tar.gz,-21269.48681361935,60527.08806014808,-127359.06347612005,225777.92662993906,572528.8056204086,-286583.45682081726,-7163.449326251028,
33,finals_2021_33,game_complete,7,1364,1363,phoenix,2009-01-11,http://ts.powertac.org/log/finals_2021_33.tar.gz,54764.766851261775,33806.71690955179,-79670.00208469048,230387.00488358393,1205680.561899692,-212172.92542558743,239209.12635875924,
34,finals_2021_34,game_complete,7,1510,1508,minneapolis,2009-05-24,http://ts.powertac.org/log/finals_2021_34.tar.gz,-178283.81929153393,-8950.87374458552,-110462.74104963886,249753.6779929255,706430.5200502583,-176040.3586427184,-101568.25588673996,
35,finals_2021_35,game_complete,7,1336,1335,minneapolis,2009-02-28,http://ts.powertac.org/log/finals_2021_35.tar.gz,132895.61229498003,48130.73398038666,-54585.30141281644,297065.7663358014,1111294.92484503,-522640.60364615824,19133.60911167357,
36,finals_2021_36,game_complete,7,1329,1328,denver,2009-07-30,http://ts.powertac.org/log/finals_2021_36.tar.gz,-96778.6411982694,117562.68430543033,-114228.68414470059,77788.64901419105,350644.08939040394,-782753.3199281507,360380.7591248235,
37,finals_2021_37,game_complete,7,1405,1404,minneapolis,2009-02-04,http://ts.powertac.org/log/finals_2021_37.tar.gz,-565490.9501129113,13746.640213399298,-184518.0706485176,150959.65021876883,-48027.296476803036,-493834.43348818744,-4496.548434302886,
38,finals_2021_38,game_complete,7,1322,1321,denver,2010-03-11,http://ts.powertac.org/log/finals_2021_38.tar.gz,-158636.9938255508,18980.128843697737,-183135.00085400176,255807.81782605438,682906.2638323688,-851110.3639162281,409741.77238418977,
39,finals_2021_39,game_complete,7,1342,1341,phoenix,2008-12-17,http://ts.powertac.org/log/finals_2021_39.tar.gz,108833.21475354437,14749.432609357467,-50350.66189883468,727954.5938147875,1019437.7778977251,-577256.3595771724,926689.2061027705,
40,finals_2021_40,game_complete,7,1346,1345,minneapolis,2009-06-20,http://ts.powertac.org/log/finals_2021_40.tar.gz,42224.161096225085,2297.251105315673,-93568.58176678208,502800.26823812985,1029816.3601845979,-1260784.8976774355,800645.7914132916,
41,finals_2021_41,game_complete,7,1611,1610,minneapolis,2009-11-23,http://ts.powertac.org/log/finals_2021_41.tar.gz,-78337.41041397171,77152.47877221806,592617.3870648303,-144535.41696358492,-381853.7289467001,0.0,1192875.784119075,
42,finals_2021_42,game_complete,7,1438,1437,phoenix,2009-07-31,http://ts.powertac.org/log/finals_2021_42.tar.gz,-729361.7358628206,-545902.8016367506,-65391.81940116554,-7780466.372515004,-3218858.627733247,-4846.402575682757,-78759.5182103378,
43,finals_2021_43,game_complete,7,1499,1498,minneapolis,2008-12-16,http://ts.powertac.org/log/finals_2021_43.tar.gz,-37043.545436486536,-243193.47250272924,-55316.14731931545,42660.24990463401,-862340.6779117802,-966864.2397272378,1383071.8910224333,
44,finals_2021_44,game_complete,7,1655,1654,phoenix,2009-02-23,http://ts.powertac.org/log/finals_2021_44.tar.gz,10778.224692888602,-326181.1735960014,-68784.46696100224,-477995.81075033464,-2337465.3422890613,-185038.484559013,-131096.5647464417,
45,finals_2021_45,game_complete,7,1321,1320,minneapolis,2010-03-28,http://ts.powertac.org/log/finals_2021_45.tar.gz,-218349.28056187282,-23303.78148986496,-139757.12296237904,236597.02668291828,264940.2278942875,-491612.0499417641,82349.03532790608,
46,finals_2021_46,game_complete,7,1397,1396,phoenix,2009-07-12,http://ts.powertac.org/log/finals_2021_46.tar.gz,-3000661.729115957,-521907.3624486021,-91598.689306514,-1.6985378066839516E7,-3396311.119560269,-2103775.415301438,1591888.880241799,
47,finals_2021_47,game_complete,7,1717,1716,denver,2008-09-15,http://ts.powertac.org/log/finals_2021_47.tar.gz,-405278.52069301775,61862.510612840146,-196446.5099087645,-209933.8879541142,126197.87569930984,-972346.3248386523,-955325.2954114203,
48,finals_2021_48,game_complete,7,1353,1352,denver,2009-02-25,http://ts.powertac.org/log/finals_2021_48.tar.gz,-101365.48054788058,43347.85732193498,-75162.07994647147,289585.57088345446,1036775.497869049,-606272.7132252062,582003.8720067188,
49,finals_2021_49,game_complete,7,1325,1324,denver,2009-12-24,http://ts.powertac.org/log/finals_2021_49.tar.gz,-177263.6597547134,38107.02915374867,-178201.24259343554,339337.4538580329,396405.44061199244,-1036567.1026571797,220214.81202086958,
50,finals_2021_50,game_complete,7,1435,1433,denver,2010-01-03,http://ts.powertac.org/log/finals_2021_50.tar.gz,-31552.03772902811,193533.58064857157,-99859.82693355279,1116351.997274534,785928.8311138322,-973656.4238140691,-513008.90789542685,
51,finals_2021_51,game_complete,5,1423,1422,phoenix,2009-03-26,http://ts.powertac.org/log/finals_2021_51.tar.gz,89582.4944483433,-596721.3273593386,2322481.212914006,-4590199.716717948,-3066588.1908753943,,,
52,finals_2021_52,game_complete,5,1408,1407,minneapolis,2009-09-13,http://ts.powertac.org/log/finals_2021_52.tar.gz,137672.3715553769,932432.4999727691,-29332.581215219718,,1802989.779532125,827364.7107890382,,
53,finals_2021_53,game_complete,5,1367,1366,phoenix,2009-09-18,http://ts.powertac.org/log/finals_2021_53.tar.gz,-150231.77932441616,,-169256.6751139248,373670.4159137889,105103.04871825327,-4330758.19516897,,
54,finals_2021_54,game_complete,5,1348,1347,denver,2009-06-23,http://ts.powertac.org/log/finals_2021_54.tar.gz,,1169.631543385189,-168445.07588941703,212976.95562201628,-271164.3527135443,-445641.5351703786,,
55,finals_2021_55,game_complete,5,1370,1369,minneapolis,2008-08-23,http://ts.powertac.org/log/finals_2021_55.tar.gz,10914.155872605712,56266.856782615636,,348627.70453558967,938767.3438540093,-783902.4828437304,,
56,finals_2021_56,game_complete,5,1407,1406,phoenix,2010-01-20,http://ts.powertac.org/log/finals_2021_56.tar.gz,291764.1061560265,376644.1075568506,-116576.9947223125,1314225.4736657087,,191298.3578443205,,
57,finals_2021_57,game_complete,5,1541,1540,phoenix,2009-03-02,http://ts.powertac.org/log/finals_2021_57.tar.gz,-1856842.298457658,-505303.9268874902,859595.112101088,,-3095395.805907146,,-371890.53697626037,
58,finals_2021_58,game_complete,5,1421,1420,minneapolis,2009-09-24,http://ts.powertac.org/log/finals_2021_58.tar.gz,-92413.38336710421,,108639.44414163024,326398.544984857,557634.343574836,,282167.8219337036,
59,finals_2021_59,game_complete,5,1350,1349,denver,2010-01-25,http://ts.powertac.org/log/finals_2021_59.tar.gz,,31123.315012487987,-73859.33520710029,906727.2960263969,1076167.0376887892,,1060231.9018830631,
60,finals_2021_60,game_complete,5,1328,1327,minneapolis,2009-06-03,http://ts.powertac.org/log/finals_2021_60.tar.gz,-97677.0837598954,85576.61675316712,,512558.03657125315,766471.1971889577,,630923.9099979496,
61,finals_2021_61,game_complete,5,1459,1458,phoenix,2009-07-30,http://ts.powertac.org/log/finals_2021_61.tar.gz,-757224.8387701267,-601527.8028271042,673309.6004117386,-1.5160054996954579E7,,,1798084.1117610312,
62,finals_2021_62,game_complete,5,1407,1406,minneapolis,2009-02-22,http://ts.powertac.org/log/finals_2021_62.tar.gz,-106495.01725990223,,-128393.1370617436,,1478316.1351932439,-1685924.4363076459,1224495.3201139811,
63,finals_2021_63,game_complete,5,1344,1343,minneapolis,2009-11-18,http://ts.powertac.org/log/finals_2021_63.tar.gz,,-473519.6436286226,-53603.206719904854,,-548134.7261031981,437187.02524077805,917854.748790411,
64,finals_2021_64,game_complete,5,1325,1324,phoenix,2009-07-09,http://ts.powertac.org/log/finals_2021_64.tar.gz,-1.0391169534727655E7,-596337.4690889543,,,-3147695.8536324804,-4953797.949302455,-53609.179631835694,
65,finals_2021_65,game_complete,5,1768,1767,denver,2009-01-19,http://ts.powertac.org/log/finals_2021_65.tar.gz,222848.70902043607,322376.7844087504,-94572.41381700273,,,-167310.20775249315,2965598.331025814,
66,finals_2021_66,game_complete,5,1358,1357,denver,2008-11-09,http://ts.powertac.org/log/finals_2021_66.tar.gz,,,-56806.426210698184,243425.6207018934,164209.70250799743,-263277.3039984062,-117627.29673648026,
67,finals_2021_67,game_complete,5,1529,1527,phoenix,2009-08-10,http://ts.powertac.org/log/finals_2021_67.tar.gz,-1725790.343693889,,,-4902372.253210805,-3188481.5596141173,-3399543.2256564475,-16465.91934646109,
68,finals_2021_68,game_complete,5,1358,1357,phoenix,2009-05-12,http://ts.powertac.org/log/finals_2021_68.tar.gz,-1091700.4593296736,,-112613.33944602583,-1.2197987614843652E7,,-9007105.436020477,-537468.317996278,
69,finals_2021_69,game_complete,5,1437,1436,minneapolis,2008-08-04,http://ts.powertac.org/log/finals_2021_69.tar.gz,,16579.742177543158,,307973.6748733566,477752.3403218742,-1143833.7034739656,-246194.88154190333,
70,finals_2021_70,game_complete,5,1469,1468,minneapolis,2010-02-20,http://ts.powertac.org/log/finals_2021_70.tar.gz,,630063.9368473459,-70149.78448864726,1645506.0266544663,,-1013232.360387478,2529659.4066406684,
71,finals_2021_71,game_complete,5,1327,1326,denver,2010-03-26,http://ts.powertac.org/log/finals_2021_71.tar.gz,34225.492917817915,35094.606696472554,,843073.6844996909,,-432187.38778012467,289038.7498820881,
72,finals_2021_72,game_complete,5,1326,1325,phoenix,2009-11-16,http://ts.powertac.org/log/finals_2021_72.tar.gz,190560.57578627465,295855.41313170025,-59075.47615042206,837586.9748635485,1377334.2526608019,,,
73,finals_2021_73,game_complete,5,1406,1405,denver,2008-09-05,http://ts.powertac.org/log/finals_2021_73.tar.gz,454089.26390364376,192379.21274267143,-50336.11699781815,,1663080.3547269965,-180141.59564680254,,
74,finals_2021_74,game_complete,5,1476,1475,minneapolis,2009-12-26,http://ts.powertac.org/log/finals_2021_74.tar.gz,0.0,,667134.8146106794,922991.0431078433,691621.5265106949,0.0,,
75,finals_2021_75,game_complete,5,1320,1319,denver,2009-11-01,http://ts.powertac.org/log/finals_2021_75.tar.gz,,173820.6450767005,-102702.89947660573,-318256.4586197549,150408.6194252077,-107097.70192800526,,
76,finals_2021_76,game_complete,5,1372,1370,minneapolis,2009-10-25,http://ts.powertac.org/log/finals_2021_76.tar.gz,0.0,270973.26472984755,,130351.53513530015,1549198.547622403,0.0,,
77,finals_2021_77,game_complete,5,1429,1427,denver,2009-12-13,http://ts.powertac.org/log/finals_2021_77.tar.gz,-261949.1625583779,683207.1783622071,-48674.46364789213,-68689.91201468166,,455109.9115365689,,
78,finals_2021_78,game_complete,5,1433,1432,denver,2008-12-22,http://ts.powertac.org/log/finals_2021_78.tar.gz,-128407.33813736316,137406.97728947684,33416.61916720193,,964614.2381853712,,801359.3263949101,
79,finals_2021_79,game_complete,5,1467,1466,minneapolis,2009-02-17,http://ts.powertac.org/log/finals_2021_79.tar.gz,-141661.76505371372,,-165466.51640244236,438966.73003966565,1006639.5127215199,,212767.54968414,
80,finals_2021_80,game_complete,5,1330,1329,minneapolis,2009-08-27,http://ts.powertac.org/log/finals_2021_80.tar.gz,,53528.30487064556,-17493.659370645597,404473.48409052537,505188.9678413247,,-37669.5534860494,
81,finals_2021_81,game_complete,5,1412,1411,phoenix,2008-08-10,http://ts.powertac.org/log/finals_2021_81.tar.gz,-1012003.4300348669,-521813.9239630282,,-3565816.1873403466,-1798842.2484052966,,1322105.388158689,
82,finals_2021_82,game_complete,5,1407,1406,minneapolis,2009-04-26,http://ts.powertac.org/log/finals_2021_82.tar.gz,0.0,106965.22892645994,-119698.69724490186,1020478.5166765499,,,302196.23354096967,
83,finals_2021_83,game_complete,5,1390,1389,phoenix,2009-12-28,http://ts.powertac.org/log/finals_2021_83.tar.gz,-224571.79499668707,,-161118.383507339,,950709.6002605443,-135916.06048548338,478075.83551185916,
84,finals_2021_84,game_complete,5,1343,1341,minneapolis,2009-02-11,http://ts.powertac.org/log/finals_2021_84.tar.gz,,180349.69483384263,-68615.0700170524,,1983804.9719179964,-1077683.314588006,1930060.3409044875,
85,finals_2021_85,game_complete,5,1338,1337,denver,2009-05-19,http://ts.powertac.org/log/finals_2021_85.tar.gz,91840.65667762439,61287.506811573476,,,489515.5810630374,-30224.43193468918,620041.1984532529,
86,finals_2021_86,game_complete,5,1400,1399,phoenix,2009-08-05,http://ts.powertac.org/log/finals_2021_86.tar.gz,-6828739.304111167,-603127.0018470498,-59458.81826619235,,,-1100267.5651004964,-225055.33514014806,
87,finals_2021_87,game_complete,5,1324,1323,denver,2008-12-25,http://ts.powertac.org/log/finals_2021_87.tar.gz,,,-75768.75327273921,484355.0439905332,529396.0199458665,-849459.222189111,1056356.7704081465,
88,finals_2021_88,game_complete,5,1492,1491,minneapolis,2009-04-09,http://ts.powertac.org/log/finals_2021_88.tar.gz,-105538.58589079758,,,383563.53493316146,1085089.092246418,-695802.5836540953,594267.7422443385,
89,finals_2021_89,game_complete,5,1335,1334,phoenix,2009-02-02,http://ts.powertac.org/log/finals_2021_89.tar.gz,-98140.33182028038,,-158898.26779627174,781361.0215153752,,-131935.6463369831,351697.26373209024,
90,finals_2021_90,game_complete,5,1357,1356,denver,2009-12-14,http://ts.powertac.org/log/finals_2021_90.tar.gz,,49579.78517995599,,-74577.88400436626,-116402.05897208504,-437968.1838136315,-477389.00662750786,
91,finals_2021_91,game_complete,5,1433,1432,denver,2010-03-28,http://ts.powertac.org/log/finals_2021_91.tar.gz,,142325.16625573373,-124100.8617932831,1096803.4691302385,,-509374.19544797,1209963.7731979955,
92,finals_2021_92,game_complete,5,1334,1333,denver,2008-11-28,http://ts.powertac.org/log/finals_2021_92.tar.gz,-183647.0297834214,243868.34108446108,,761446.0506184789,,-450875.175424247,1506156.6770540962,
93,finals_2021_93,game_complete,5,1476,1475,denver,2009-06-25,http://ts.powertac.org/log/finals_2021_93.tar.gz,0.0,-50557.34095433577,49539.39010295485,54958.093339197745,63834.23749211666,,,
94,finals_2021_94,game_complete,5,1650,1649,denver,2010-02-16,http://ts.powertac.org/log/finals_2021_94.tar.gz,1960059.3351472616,3815958.0492393957,-134377.77982798242,,9340373.315092744,9983.020472726848,,
95,finals_2021_95,game_complete,5,1377,1376,denver,2008-10-20,http://ts.powertac.org/log/finals_2021_95.tar.gz,0.0,,624539.6445769448,-360416.3802199979,137708.8528923678,0.0,,
96,finals_2021_96,game_complete,5,1403,1402,denver,2008-09-04,http://ts.powertac.org/log/finals_2021_96.tar.gz,,303868.0908457804,-41617.66064279481,584049.044738043,911289.8171158344,-386141.90083838004,,
97,finals_2021_97,game_complete,5,1334,1333,phoenix,2009-12-07,http://ts.powertac.org/log/finals_2021_97.tar.gz,0.0,231588.17127552527,,1202405.0144860747,1557622.6195318867,-91199.22662888843,,
98,finals_2021_98,game_complete,5,1354,1353,denver,2009-10-28,http://ts.powertac.org/log/finals_2021_98.tar.gz,0.0,284371.56633337936,-71827.11611541608,758996.7272081472,,-739277.3049241337,,
99,finals_2021_99,game_complete,5,1449,1448,phoenix,2009-08-21,http://ts.powertac.org/log/finals_2021_99.tar.gz,-4084230.4281363697,-626290.7622723056,-379869.21321612934,,-3923169.697883068,,8550950.905259637,
100,finals_2021_100,game_complete,5,1374,1372,denver,2010-03-11,http://ts.powertac.org/log/finals_2021_100.tar.gz,164836.2358950152,,-130867.90180539302,396612.0025626459,1029187.2992594051,,197948.87072965023,
101,finals_2021_101,game_complete,5,1351,1350,minneapolis,2009-06-15,http://ts.powertac.org/log/finals_2021_101.tar.gz,,183575.62714334097,-116758.93498155498,437992.9610771473,737018.6299869048,,941071.0145502519,
102,finals_2021_102,game_complete,5,1341,1339,phoenix,2009-09-24,http://ts.powertac.org/log/finals_2021_102.tar.gz,-105224.45464156251,11747.80513897215,,440976.0773689756,171362.93468119836,,96386.54949971256,
103,finals_2021_103,game_complete,5,1441,1440,phoenix,2009-04-06,http://ts.powertac.org/log/finals_2021_103.tar.gz,0.0,-562371.7997383843,992317.0692676989,-1438203.5374527222,,,-440983.0826069591,
104,finals_2021_104,game_complete,5,1376,1375,denver,2009-06-12,http://ts.powertac.org/log/finals_2021_104.tar.gz,69419.49712647514,,-85283.48612118958,,606038.152766295,-1198541.857275246,153139.4794360249,
105,finals_2021_105,game_complete,5,1338,1337,minneapolis,2009-06-28,http://ts.powertac.org/log/finals_2021_105.tar.gz,,46911.19629068117,-67665.91982136427,,446617.41074751527,-180142.5163840765,169533.26656561688,
106,finals_2021_106,game_complete,5,1443,1442,phoenix,2010-02-25,http://ts.powertac.org/log/finals_2021_106.tar.gz,-68631.28614513775,18429.993885630407,,,398671.352066857,-38258.8118959602,395314.2990475936,
107,finals_2021_107,game_complete,5,1470,1469,phoenix,2009-05-03,http://ts.powertac.org/log/finals_2021_107.tar.gz,-3047717.398653954,-604342.4590425285,-167928.097775444,,,-1.0470522087057993E7,-250877.6987374082,
108,finals_2021_108,game_complete,5,1729,1728,phoenix,2009-03-15,http://ts.powertac.org/log/finals_2021_108.tar.gz,,,-161395.98022801065,-5738151.632428481,-3758075.125156456,-1225256.3031996367,-213246.15893267462,
109,finals_2021_109,game_complete,5,1485,1484,minneapolis,2009-05-26,http://ts.powertac.org/log/finals_2021_109.tar.gz,0.0,,,614384.2998421562,635147.7152988692,-486639.124594106,804164.524963306,
110,finals_2021_110,game_complete,5,1331,1330,phoenix,2009-09-13,http://ts.powertac.org/log/finals_2021_110.tar.gz,0.0,,-38931.519582615474,1903502.687838767,,-5176485.908478641,-451475.29715463973,
111,finals_2021_111,game_complete,5,1441,1440,denver,2010-01-20,http://ts.powertac.org/log/finals_2021_111.tar.gz,,122810.91820789612,,498068.9530849394,928534.7433523643,-1042949.9820881436,1035576.3707705224,
112,finals_2021_112,game_complete,5,1372,1371,denver,2008-11-08,http://ts.powertac.org/log/finals_2021_112.tar.gz,,27826.07765524656,-72533.13638206004,340412.3476372597,,-36045.87761459582,351413.2523316535,
113,finals_2021_113,game_complete,5,1464,1463,denver,2008-08-18,http://ts.powertac.org/log/finals_2021_113.tar.gz,-289131.28137505875,23236.935895852326,,470552.3343580455,,-845728.8227762467,1012857.1677328359,
114,finals_2021_114,game_complete,5,1327,1326,denver,2010-03-28,http://ts.powertac.org/log/finals_2021_114.tar.gz,0.0,395488.34895878297,-96981.42130738849,1143456.891452958,1537361.0050956644,,,
115,finals_2021_115,game_complete,5,1537,1536,denver,2010-02-09,http://ts.powertac.org/log/finals_2021_115.tar.gz,476829.7488613832,1562471.0093751503,-20384.49030717306,,3911570.034178983,91639.33623193055,,
116,finals_2021_116,game_complete,5,1335,1334,denver,2009-01-06,http://ts.powertac.org/log/finals_2021_116.tar.gz,213863.47061162235,,-22744.97848312312,0.0,2606803.0881849867,571697.2917900329,,
117,finals_2021_117,game_complete,5,1362,1361,phoenix,2010-01-01,http://ts.powertac.org/log/finals_2021_117.tar.gz,,443863.1826752765,-165100.37353883142,552349.6627988294,1253946.5604865972,-406601.9534968232,,
118,finals_2021_118,game_complete,5,1348,1347,minneapolis,2009-08-20,http://ts.powertac.org/log/finals_2021_118.tar.gz,-114342.83791028659,35518.806925618985,,-86615.42812946468,507891.76688137284,-27637.24205478071,,
119,finals_2021_119,game_complete,5,1576,1575,minneapolis,2008-08-24,http://ts.powertac.org/log/finals_2021_119.tar.gz,2284198.2799128527,9941258.219949074,324544.1746450959,0.0,,0.0,,
120,finals_2021_120,game_complete,5,1333,1332,denver,2010-01-20,http://ts.powertac.org/log/finals_2021_120.tar.gz,16567.08291414021,76134.18210897666,-108068.88906456708,,777221.2125693923,,1115936.292594264,
121,finals_2021_121,game_complete,5,1393,1392,denver,2008-11-12,http://ts.powertac.org/log/finals_2021_121.tar.gz,-132929.91327038186,,52148.02062680671,422623.5600156702,-1280.4183865407122,,-383357.24713364086,
122,finals_2021_122,game_complete,5,1396,1395,phoenix,2009-05-26,http://ts.powertac.org/log/finals_2021_122.tar.gz,,-652388.2648052787,1199523.1124499745,-4.158973916406531E7,-3355545.9965367042,,4948532.952009351,
123,finals_2021_123,game_complete,5,1362,1361,denver,2010-01-26,http://ts.powertac.org/log/finals_2021_123.tar.gz,-79767.6157481404,117221.88122170522,,0.0,1107164.3740828938,,1374839.9960683219,
124,finals_2021_124,game_complete,5,1335,1334,minneapolis,2009-05-16,http://ts.powertac.org/log/finals_2021_124.tar.gz,345675.1626397082,929257.800367517,15131.75968845529,0.0,,,3837141.4757756265,
125,finals_2021_125,game_complete,5,1468,1467,minneapolis,2010-02-19,http://ts.powertac.org/log/finals_2021_125.tar.gz,-145676.07038236153,,-137137.58639233166,,2324401.057347746,0.0,1783118.8903698598,
126,finals_2021_126,game_complete,5,1361,1360,minneapolis,2009-07-19,http://ts.powertac.org/log/finals_2021_126.tar.gz,,17658.901481540794,-48248.3177093036,,1001920.166826202,-277029.8521860779,-128406.15851827797,
127,finals_2021_127,game_complete,5,1327,1325,phoenix,2009-09-04,http://ts.powertac.org/log/finals_2021_127.tar.gz,-1654626.8550333262,-526765.1705534299,,,2410656.142658089,-2916024.54561124,-123645.5981769478,
128,finals_2021_128,game_complete,5,1447,1446,phoenix,2009-03-20,http://ts.powertac.org/log/finals_2021_128.tar.gz,209511.09685716662,-509534.9908185221,459697.4224297868,,,0.0,3574573.781162155,
129,finals_2021_129,game_complete,5,1628,1627,phoenix,2008-10-10,http://ts.powertac.org/log/finals_2021_129.tar.gz,,,-158927.40036023912,293525.0655759007,288071.3689291195,-1711362.632981993,-231335.6147496517,
130,finals_2021_130,game_complete,5,1418,1417,phoenix,2008-08-14,http://ts.powertac.org/log/finals_2021_130.tar.gz,231041.6425004107,,,-2308515.4784951606,-3138268.144247648,-6314174.562983284,2344.6358018076903,
131,finals_2021_131,game_complete,5,1442,1440,minneapolis,2010-02-06,http://ts.powertac.org/log/finals_2021_131.tar.gz,0.0,,-154888.26156621444,2987823.54470613,,-27424.859864879985,3818305.106987247,
132,finals_2021_132,game_complete,5,1368,1367,denver,2008-11-06,http://ts.powertac.org/log/finals_2021_132.tar.gz,,-46833.73669934053,,279552.706312375,72599.54655927293,-282453.11565134535,806651.0373651171,
133,finals_2021_133,game_complete,5,1401,1400,phoenix,2009-11-04,http://ts.powertac.org/log/finals_2021_133.tar.gz,,242948.8463196527,-166462.14009864174,893865.5049405084,,-582275.8967492422,1109122.370128204,
134,finals_2021_134,game_complete,5,1320,1319,minneapolis,2008-09-19,http://ts.powertac.org/log/finals_2021_134.tar.gz,-75208.17946695705,132794.92444310526,,421550.4785310022,,-302699.3666282445,323158.83345355146,
135,finals_2021_135,game_complete,5,1385,1383,minneapolis,2009-02-05,http://ts.powertac.org/log/finals_2021_135.tar.gz,927136.4190128384,1712372.514550699,468870.5401308664,0.0,5397821.8564514555,,,
136,finals_2021_136,game_complete,5,1427,1426,minneapolis,2008-10-26,http://ts.powertac.org/log/finals_2021_136.tar.gz,-33336.605691626646,-138937.81511100073,122413.64266734572,,421648.07094172854,-27022.957847846563,,
137,finals_2021_137,game_complete,5,1379,1378,phoenix,2009-08-08,http://ts.powertac.org/log/finals_2021_137.tar.gz,-5387831.510070004,,-65017.79469367721,0.0,-3225171.4480238343,825239.3907319893,,
138,finals_2021_138,game_complete,5,1696,1695,minneapolis,2009-04-21,http://ts.powertac.org/log/finals_2021_138.tar.gz,,122940.30450705386,-68697.76151757377,162835.05202129047,1148276.8024411288,-601962.8358915618,,
139,finals_2021_139,game_complete,5,1410,1409,minneapolis,2009-06-11,http://ts.powertac.org/log/finals_2021_139.tar.gz,235720.545609573,234012.4016577322,,777308.6599369141,1329525.5047949103,-2164523.6976805087,,
140,finals_2021_140,game_complete,5,1715,1714,phoenix,2008-08-09,http://ts.powertac.org/log/finals_2021_140.tar.gz,-2054914.3468447095,-546225.9551748883,-61864.62538084374,-2145407.560005234,,-6366525.268184194,,
141,finals_2021_141,game_complete,5,1411,1410,phoenix,2009-07-22,http://ts.powertac.org/log/finals_2021_141.tar.gz,-8955457.975347973,-518046.4393457633,3792975.4207469015,,-1909003.273783566,,105071.70155261474,
142,finals_2021_142,game_complete,5,1470,1468,phoenix,2008-10-13,http://ts.powertac.org/log/finals_2021_142.tar.gz,-662997.7564998887,,-206766.50709466435,233385.24926114624,-89213.59012505492,,-239812.64983699,
143,finals_2021_143,game_complete,5,1323,1322,phoenix,2008-12-15,http://ts.powertac.org/log/finals_2021_143.tar.gz,,76186.45844510497,-124810.15469271084,407171.35172438325,1346241.6512843678,,906872.0738999916,
144,finals_2021_144,game_complete,5,1487,1486,phoenix,2009-07-16,http://ts.powertac.org/log/finals_2021_144.tar.gz,-6100564.333980196,-511983.4612893074,,-1.5677788875867192E7,-229879.89199397434,,929812.4347337517,
145,finals_2021_145,game_complete,5,1595,1594,minneapolis,2009-02-18,http://ts.powertac.org/log/finals_2021_145.tar.gz,166751.99227536033,278183.18431255314,35628.76275156735,1680005.225952917,,,969772.8900732815,
146,finals_2021_146,game_complete,5,1355,1354,phoenix,2010-02-06,http://ts.powertac.org/log/finals_2021_146.tar.gz,37620.93759025809,,-79542.97853052894,,1538096.5969733612,-646071.8421305058,1548318.034711589,
147,finals_2021_147,game_complete,5,1359,1358,phoenix,2008-12-31,http://ts.powertac.org/log/finals_2021_147.tar.gz,,150353.18402338674,-63664.74193825124,,1316760.5288285636,-741454.1380078561,904104.1895844009,
148,finals_2021_148,game_complete,5,1356,1355,phoenix,2010-02-23,http://ts.powertac.org/log/finals_2021_148.tar.gz,40355.12670793204,107896.19207749871,,,1119277.433643735,-463840.791246688,1090395.3040085104,
149,finals_2021_149,game_complete,5,1336,1335,minneapolis,2009-09-14,http://ts.powertac.org/log/finals_2021_149.tar.gz,-367914.4107730308,348836.99587346194,398248.7273352563,,,0.0,4943615.157950439,
150,finals_2021_150,game_complete,5,1848,1847,phoenix,2008-08-09,http://ts.powertac.org/log/finals_2021_150.tar.gz,,,-114508.93687680157,4854662.72341893,-3363326.758106045,-6256600.84380973,-43901.163254270476,
151,finals_2021_151,game_complete,5,1335,1334,denver,2010-03-27,http://ts.powertac.org/log/finals_2021_151.tar.gz,-101625.76928293526,,,600071.1237066027,945446.8727215603,-1543905.3598460695,170594.4671107148,
152,finals_2021_152,game_complete,5,1474,1473,denver,2009-12-10,http://ts.powertac.org/log/finals_2021_152.tar.gz,-14384.309950915314,,246491.87296453008,279496.4427711594,,12751.162552371097,1119835.1017890992,
153,finals_2021_153,game_complete,5,1349,1348,minneapolis,2009-10-07,http://ts.powertac.org/log/finals_2021_153.tar.gz,,-22517.846669172177,,120288.76416145777,440721.7117518546,-1047758.6217136905,241128.14151897567,
154,finals_2021_154,game_complete,5,1324,1323,denver,2009-03-04,http://ts.powertac.org/log/finals_2021_154.tar.gz,,224253.85994613272,-116717.6935607502,1254565.4626160068,,-1009379.3145841069,1745686.5870721121,
155,finals_2021_155,game_complete,5,1515,1514,minneapolis,2009-10-25,http://ts.powertac.org/log/finals_2021_155.tar.gz,-267698.629503716,-561731.555814864,,-442282.35310023034,,174152.0267853565,4196.0752773504,
156,finals_2021_156,game_complete,5,1547,1546,denver,2009-08-30,http://ts.powertac.org/log/finals_2021_156.tar.gz,-238126.42271804815,218812.59950206996,99441.86886818502,534151.0662939444,638421.1733463756,,,
157,finals_2021_157,game_complete,5,1340,1339,phoenix,2009-11-27,http://ts.powertac.org/log/finals_2021_157.tar.gz,1027237.8167317838,1964890.1722029967,-111856.46291525413,,5582979.777798164,0.0,,
158,finals_2021_158,game_complete,5,1797,1795,minneapolis,2010-01-13,http://ts.powertac.org/log/finals_2021_158.tar.gz,-609829.4377781486,,450168.41311322927,1913958.537287313,666664.1624008855,0.0,,
159,finals_2021_159,game_complete,5,1690,1689,phoenix,2009-09-03,http://ts.powertac.org/log/finals_2021_159.tar.gz,,-526844.0967772221,-109745.76904418805,-510743.1345824111,-2597061.3493227,-7627256.435678924,,
160,finals_2021_160,game_complete,5,1694,1693,denver,2009-10-23,http://ts.powertac.org/log/finals_2021_160.tar.gz,-198521.21752520293,102947.47095962023,,-189357.98835349266,1177171.9469251963,0.0,,
161,finals_2021_161,game_complete,5,1352,1351,minneapolis,2009-10-31,http://ts.powertac.org/log/finals_2021_161.tar.gz,-320712.2457719859,273052.6540273129,375143.8734256192,-1078367.2062132522,,-804802.6844153507,,
162,finals_2021_162,game_complete,5,1331,1330,phoenix,2009-06-30,http://ts.powertac.org/log/finals_2021_162.tar.gz,-9286474.613542747,-522985.2040904094,3805906.869327043,,-3193925.131108958,,2153236.8934709094,
163,finals_2021_163,game_complete,5,1564,1563,phoenix,2009-03-26,http://ts.powertac.org/log/finals_2021_163.tar.gz,-1166485.099149655,,1464103.139658141,-3199139.8724163943,-3098890.302523467,,-391978.93307303905,
164,finals_2021_164,game_complete,5,1367,1366,phoenix,2009-09-10,http://ts.powertac.org/log/finals_2021_164.tar.gz,,639092.0265231238,27401.03126887694,0.0,1460924.6501083437,,2447619.155656049,
165,finals_2021_165,game_complete,5,1365,1364,minneapolis,2010-03-16,http://ts.powertac.org/log/finals_2021_165.tar.gz,-194678.10591553693,25711.812044801292,,195851.26975232892,932542.0300936346,,-142695.53054624103,
166,finals_2021_166,game_complete,5,1415,1414,minneapolis,2008-10-08,http://ts.powertac.org/log/finals_2021_166.tar.gz,-308369.40426873363,43366.17915037609,612932.3096066698,-626602.626638433,,,133049.1888835167,
167,finals_2021_167,game_complete,5,1355,1354,minneapolis,2009-09-03,http://ts.powertac.org/log/finals_2021_167.tar.gz,-169117.55418704322,,-179547.93088795443,,462092.66582884535,-454618.3642118216,-370575.4362271749,
168,finals_2021_168,game_complete,5,1376,1375,denver,2009-07-30,http://ts.powertac.org/log/finals_2021_168.tar.gz,,186986.61564359098,-39099.74509983346,,1070320.3096160253,0.0,1343757.8124726738,
169,finals_2021_169,game_complete,5,1390,1389,minneapolis,2009-02-17,http://ts.powertac.org/log/finals_2021_169.tar.gz,60112.86510218384,49230.26724073231,,,1184446.0230880026,-1685887.3384945472,1052067.509945666,
170,finals_2021_170,game_complete,5,1496,1495,phoenix,2009-08-28,http://ts.powertac.org/log/finals_2021_170.tar.gz,-4513199.7354642,-657449.6001897813,-184232.35509594585,,,3947497.2135899216,-202309.94518994231,
171,finals_2021_171,game_complete,5,1576,1575,denver,2008-12-09,http://ts.powertac.org/log/finals_2021_171.tar.gz,,,-84371.90578350199,483609.00594277825,271021.6952855641,-3293333.2594108046,701563.7578512258,
172,finals_2021_172,game_complete,5,1377,1375,denver,2009-01-22,http://ts.powertac.org/log/finals_2021_172.tar.gz,-184161.35079943252,,,479469.85490075307,968087.535887948,-979443.2008683906,398112.9395074703,
173,finals_2021_173,game_complete,5,1341,1340,minneapolis,2010-03-16,http://ts.powertac.org/log/finals_2021_173.tar.gz,272682.58354230504,,-102833.68775847113,849802.332218341,,-1569345.3318181052,793220.8639971192,
174,finals_2021_174,game_complete,5,1356,1355,minneapolis,2009-06-17,http://ts.powertac.org/log/finals_2021_174.tar.gz,,-37514.339279667685,,549752.691936848,917401.6273043809,-1441581.497991663,163906.4553437374,
175,finals_2021_175,game_complete,5,1378,1377,phoenix,2008-10-22,http://ts.powertac.org/log/finals_2021_175.tar.gz,,152825.36265208278,-84025.78155878323,952365.575295339,,-1184544.0822111007,1362221.1980423657,
176,finals_2021_176,game_complete,5,1410,1409,denver,2010-01-28,http://ts.powertac.org/log/finals_2021_176.tar.gz,-101948.45455293161,174329.63904922342,,695750.04867897,,-279253.4799131358,1272161.9250160134,
177,finals_2021_177,game_complete,3,1325,1324,phoenix,2009-05-26,http://ts.powertac.org/log/finals_2021_177.tar.gz,-786207.2733325438,,7658228.708048866,,-3253574.745648433,,,
178,finals_2021_178,game_complete,3,1534,1533,phoenix,2009-04-25,http://ts.powertac.org/log/finals_2021_178.tar.gz,,-842456.1885395619,4745629.835981755,,-3369482.6479778015,,,
179,finals_2021_179,game_complete,3,1403,1402,minneapolis,2008-12-29,http://ts.powertac.org/log/finals_2021_179.tar.gz,1145141.3326637556,2411881.4553935425,,,6848433.21621517,,,
180,finals_2021_180,game_complete,3,1463,1462,denver,2010-02-17,http://ts.powertac.org/log/finals_2021_180.tar.gz,684551.4735913094,1.265378469703735E7,720435.6203118433,,,,,
181,finals_2021_181,game_complete,3,1380,1379,minneapolis,2008-08-13,http://ts.powertac.org/log/finals_2021_181.tar.gz,,,-111690.60130614214,389191.91491964343,1407756.3820648228,,,
182,finals_2021_182,game_complete,3,1941,1940,minneapolis,2009-03-28,http://ts.powertac.org/log/finals_2021_182.tar.gz,-5988.6914235705935,,,371105.9567978908,1984665.547988612,,,
183,finals_2021_183,game_complete,3,1361,1360,phoenix,2008-10-15,http://ts.powertac.org/log/finals_2021_183.tar.gz,-277137.53584323655,,265740.006995291,7947976.055944284,,,,
184,finals_2021_184,game_complete,3,1321,1320,minneapolis,2010-01-21,http://ts.powertac.org/log/finals_2021_184.tar.gz,,93661.4940005023,,1019154.9123417434,1689862.1149597887,,,
185,finals_2021_185,game_complete,3,1363,1362,minneapolis,2008-12-13,http://ts.powertac.org/log/finals_2021_185.tar.gz,,1460787.4985143868,2556199.906569289,1596963.827896093,,,,
186,finals_2021_186,game_complete,3,1323,1322,denver,2010-03-01,http://ts.powertac.org/log/finals_2021_186.tar.gz,321637.1560884292,1376868.716762143,,1853939.803724282,,,,
187,finals_2021_187,game_complete,3,1481,1480,minneapolis,2008-09-29,http://ts.powertac.org/log/finals_2021_187.tar.gz,,,15800.729225310932,,771590.8851872566,690060.1710470566,,
188,finals_2021_188,game_complete,3,1350,1349,minneapolis,2009-04-24,http://ts.powertac.org/log/finals_2021_188.tar.gz,306888.3012891297,,,,1793839.6043459182,387840.5875659245,,
189,finals_2021_189,game_complete,3,1819,1818,denver,2009-01-07,http://ts.powertac.org/log/finals_2021_189.tar.gz,-252239.15263982967,,-76750.88613208596,,,3219199.2111832006,,
190,finals_2021_190,game_complete,3,1359,1358,minneapolis,2008-10-29,http://ts.powertac.org/log/finals_2021_190.tar.gz,,-592016.4285577657,,,967541.6178751561,494365.9499651842,,
191,finals_2021_191,game_complete,3,1353,1352,minneapolis,2008-09-06,http://ts.powertac.org/log/finals_2021_191.tar.gz,,1.1743330521716895E7,745562.8142643847,,,0.0,,
192,finals_2021_192,game_complete,3,1399,1398,denver,2009-01-09,http://ts.powertac.org/log/finals_2021_192.tar.gz,1478454.495704403,1.1000990614747401E7,,,,0.0,,
193,finals_2021_193,game_complete,3,1541,1540,minneapolis,2008-12-09,http://ts.powertac.org/log/finals_2021_193.tar.gz,,,,-1054066.2060451047,-580081.1961887223,-1067414.4334180583,,
194,finals_2021_194,game_complete,3,1493,1491,phoenix,2009-11-24,http://ts.powertac.org/log/finals_2021_194.tar.gz,,,-166392.32185830775,618592.33621358,,1055491.3932847423,,
195,finals_2021_195,game_complete,3,1345,1344,denver,2008-09-28,http://ts.powertac.org/log/finals_2021_195.tar.gz,-319639.4838737045,,,-395431.5866365071,,0.0,,
196,finals_2021_196,game_complete,3,1341,1340,denver,2009-12-03,http://ts.powertac.org/log/finals_2021_196.tar.gz,,853554.1681576889,,1628301.3567761583,,269497.18521627097,,
197,finals_2021_197,game_complete,3,1621,1620,minneapolis,2009-05-14,http://ts.powertac.org/log/finals_2021_197.tar.gz,,,-86398.19588882668,,2088316.4682646932,,2746818.815813074,
198,finals_2021_198,game_complete,3,1327,1326,phoenix,2008-09-25,http://ts.powertac.org/log/finals_2021_198.tar.gz,91721.26158866206,,,,414888.3600398709,,1793972.89566713,
199,finals_2021_199,game_complete,3,1342,1341,minneapolis,2008-11-27,http://ts.powertac.org/log/finals_2021_199.tar.gz,466377.4077408387,,135701.80523898025,,,,1.1017596472175166E7,
200,finals_2021_200,game_complete,3,1342,1341,minneapolis,2009-07-10,http://ts.powertac.org/log/finals_2021_200.tar.gz,,384327.8116062016,,,983196.9140471648,,327122.8641680916,
201,finals_2021_201,game_complete,3,1392,1391,denver,2008-10-21,http://ts.powertac.org/log/finals_2021_201.tar.gz,,2370043.440210745,136923.81551885873,,,,1.0513652274526885E7,
202,finals_2021_202,game_complete,3,1346,1345,minneapolis,2010-01-04,http://ts.powertac.org/log/finals_2021_202.tar.gz,988270.9682727824,-582310.7860969764,,,,,6818865.7750997525,
203,finals_2021_203,game_complete,3,1403,1402,phoenix,2009-07-13,http://ts.powertac.org/log/finals_2021_203.tar.gz,,,,-1.6540893336503904E7,-48192.09230552203,,1507499.326628277,
204,finals_2021_204,game_complete,3,1417,1416,phoenix,2009-12-05,http://ts.powertac.org/log/finals_2021_204.tar.gz,,,-308140.8614407494,948331.0377490107,,,1983983.068752423,
205,finals_2021_205,game_complete,3,1333,1332,phoenix,2009-05-14,http://ts.powertac.org/log/finals_2021_205.tar.gz,-2525444.950720664,,,-7549207.11783635,,,5713565.735428858,
206,finals_2021_206,game_complete,3,1423,1422,phoenix,2009-09-14,http://ts.powertac.org/log/finals_2021_206.tar.gz,,628875.8581764557,,875372.8194091307,,,1281106.4466853486,
207,finals_2021_207,game_complete,3,1545,1544,denver,2009-03-06,http://ts.powertac.org/log/finals_2021_207.tar.gz,,,,,1647239.6649833655,243974.04001208695,1347981.1484319614,
208,finals_2021_208,game_complete,3,1640,1639,minneapolis,2009-09-12,http://ts.powertac.org/log/finals_2021_208.tar.gz,,,34055.480982327426,,,0.0,1.835060132665514E7,
209,finals_2021_209,game_complete,3,1392,1391,denver,2010-01-02,http://ts.powertac.org/log/finals_2021_209.tar.gz,-335005.4713332913,,,,,593688.9562914866,1513110.2989125447,
210,finals_2021_210,game_complete,3,1382,1381,phoenix,2009-12-06,http://ts.powertac.org/log/finals_2021_210.tar.gz,,726538.4893040775,,,,1159137.8000223483,1553675.3109043841,
211,finals_2021_211,game_complete,3,1396,1395,phoenix,2009-10-10,http://ts.powertac.org/log/finals_2021_211.tar.gz,,,,510813.98001773504,,-1378925.2957781048,1184944.5980519985,
212,finals_2021_212,game_complete,3,1384,1383,minneapolis,2008-09-22,http://ts.powertac.org/log/finals_2021_212.tar.gz,1938858.5535872164,,219842.3083500175,,1.0486697454675399E7,,,
213,finals_2021_213,game_complete,3,1522,1521,phoenix,2009-12-16,http://ts.powertac.org/log/finals_2021_213.tar.gz,,7401383.096330513,-57493.3051131495,,1.181712849432007E7,,,
214,finals_2021_214,game_complete,3,1546,1545,denver,2009-11-25,http://ts.powertac.org/log/finals_2021_214.tar.gz,1651851.0065779337,-519347.59231959225,,,8541769.024861017,,,
215,finals_2021_215,game_complete,3,1619,1618,denver,2009-07-19,http://ts.powertac.org/log/finals_2021_215.tar.gz,3796149.496189564,1.1914807722547263E7,506.90431743916355,,,,,
216,finals_2021_216,game_complete,3,1761,1760,phoenix,2008-09-05,http://ts.powertac.org/log/finals_2021_216.tar.gz,,,1973655.7999617152,330057.1488303948,1245180.7971091124,,,
217,finals_2021_217,game_complete,3,1660,1659,phoenix,2008-11-22,http://ts.powertac.org/log/finals_2021_217.tar.gz,-137169.38138977287,,,341186.53294200456,1167361.2014096421,,,
218,finals_2021_218,game_complete,3,1439,1438,minneapolis,2009-12-27,http://ts.powertac.org/log/finals_2021_218.tar.gz,-325194.4196200407,,1819530.5865577604,397139.88177870883,,,,
219,finals_2021_219,game_complete,3,1369,1368,minneapolis,2009-08-05,http://ts.powertac.org/log/finals_2021_219.tar.gz,,104468.40637362072,,280802.94915153465,426241.46164536936,,,
220,finals_2021_220,game_complete,3,1321,1320,denver,2008-10-26,http://ts.powertac.org/log/finals_2021_220.tar.gz,,979528.1466108656,1414475.976188814,2579868.3086623726,,,,
221,finals_2021_221,game_complete,3,1677,1676,minneapolis,2008-12-27,http://ts.powertac.org/log/finals_2021_221.tar.gz,-795247.6748813476,634655.4483453305,,2063138.8223146002,,,,
222,finals_2021_222,game_complete,3,1505,1504,phoenix,2009-09-14,http://ts.powertac.org/log/finals_2021_222.tar.gz,,,-115058.7761728423,,4558615.658090309,3617788.3457087316,,
223,finals_2021_223,game_complete,3,1573,1572,denver,2008-09-19,http://ts.powertac.org/log/finals_2021_223.tar.gz,115691.23020281918,,,,1552437.3665087558,586964.2923385486,,
224,finals_2021_224,game_complete,3,1378,1376,phoenix,2008-11-27,http://ts.powertac.org/log/finals_2021_224.tar.gz,-77259.45110005212,,-45985.09914879982,,,2004237.3252138847,,
225,finals_2021_225,game_complete,3,1378,1377,phoenix,2009-08-08,http://ts.powertac.org/log/finals_2021_225.tar.gz,,-527850.2015093031,,,-1797941.4262621964,0.0,,
226,finals_2021_226,game_complete,3,1506,1505,minneapolis,2009-01-21,http://ts.powertac.org/log/finals_2021_226.tar.gz,,1.9350273647344977E7,1696839.7029743355,,,0.0,,
227,finals_2021_227,game_complete,3,1324,1322,phoenix,2009-11-23,http://ts.powertac.org/log/finals_2021_227.tar.gz,145866.03905524532,1496616.182238167,,,,1644735.4894082434,,
228,finals_2021_228,game_complete,3,1359,1357,phoenix,2009-11-03,http://ts.powertac.org/log/finals_2021_228.tar.gz,,,,1296719.6731378683,1594823.472447793,-820443.8372328304,,
229,finals_2021_229,game_complete,3,1380,1379,phoenix,2008-12-20,http://ts.powertac.org/log/finals_2021_229.tar.gz,,,-156789.92302777478,1888409.866863533,,825287.8025211069,,
230,finals_2021_230,game_complete,3,1342,1341,phoenix,2009-11-28,http://ts.powertac.org/log/finals_2021_230.tar.gz,-97876.63262229346,,,5164291.144567377,,0.0,,
231,finals_2021_231,game_complete,3,1370,1369,denver,2008-10-17,http://ts.powertac.org/log/finals_2021_231.tar.gz,,445127.763816088,,-336391.9037960362,,549727.3209385708,,
232,finals_2021_232,game_complete,3,1325,1324,phoenix,2009-08-01,http://ts.powertac.org/log/finals_2021_232.tar.gz,,,-697227.625993708,,-3910068.4216105146,,1415924.2589689556,
233,finals_2021_233,game_complete,3,1486,1485,denver,2009-05-17,http://ts.powertac.org/log/finals_2021_233.tar.gz,-141147.76101165958,,,,759776.0231727012,,-514459.66389482317,
234,finals_2021_234,game_complete,3,1466,1465,minneapolis,2009-05-09,http://ts.powertac.org/log/finals_2021_234.tar.gz,1536010.4940995674,,-101236.33571999481,,,,1.0664279436533142E7,
235,finals_2021_235,game_complete,3,1856,1855,minneapolis,2008-08-03,http://ts.powertac.org/log/finals_2021_235.tar.gz,,208616.86568990155,,,1020166.2351754784,,39607.94982658461,
236,finals_2021_236,game_complete,3,1332,1331,denver,2009-02-22,http://ts.powertac.org/log/finals_2021_236.tar.gz,,-1136267.9441205852,190409.64893774453,,,,1.3061701367277201E7,
237,finals_2021_237,game_complete,3,1335,1334,denver,2009-05-27,http://ts.powertac.org/log/finals_2021_237.tar.gz,1168546.5136165856,854354.7627679548,,,,,4028469.7343864,
238,finals_2021_238,game_complete,3,1631,1630,minneapolis,2009-03-03,http://ts.powertac.org/log/finals_2021_238.tar.gz,,,,0.0,4115398.904416704,,4630838.494549249,
239,finals_2021_239,game_complete,3,1410,1409,minneapolis,2008-12-23,http://ts.powertac.org/log/finals_2021_239.tar.gz,,,496399.9658588679,454131.6074869017,,,5445173.539901583,
240,finals_2021_240,game_complete,3,1327,1326,minneapolis,2008-10-03,http://ts.powertac.org/log/finals_2021_240.tar.gz,-166122.69943353743,,,265791.4639930111,,,713061.9510380937,
241,finals_2021_241,game_complete,3,1331,1330,minneapolis,2008-11-28,http://ts.powertac.org/log/finals_2021_241.tar.gz,,-729634.671723679,,-133344.4969859652,,,4316623.9256658945,
242,finals_2021_242,game_complete,3,1423,1422,phoenix,2009-04-01,http://ts.powertac.org/log/finals_2021_242.tar.gz,,,,,-3123074.6416392582,-6121143.654931727,270683.91144564276,
243,finals_2021_243,game_complete,3,1383,1382,denver,2009-06-22,http://ts.powertac.org/log/finals_2021_243.tar.gz,,,-123030.95862711704,,,563810.707089772,8816652.412398279,
244,finals_2021_244,game_complete,3,1344,1343,denver,2009-10-04,http://ts.powertac.org/log/finals_2021_244.tar.gz,-29751.463269288903,,,,,1022526.2051445622,2152984.0065808273,
245,finals_2021_245,game_complete,3,1564,1563,denver,2009-06-24,http://ts.powertac.org/log/finals_2021_245.tar.gz,,-233557.0101669196,,,,161853.70958788856,1643679.4255806264,
246,finals_2021_246,game_complete,3,1749,1748,denver,2009-11-14,http://ts.powertac.org/log/finals_2021_246.tar.gz,,,,-373679.49979709025,,878441.1232071964,2276796.188449216,
247,finals_2021_247,game_complete,3,1379,1378,phoenix,2009-01-14,http://ts.powertac.org/log/finals_2021_247.tar.gz,3054359.424384049,,-3106.8752220549313,,1.0458676063919473E7,,,
248,finals_2021_248,game_complete,3,1401,1400,denver,2009-11-13,http://ts.powertac.org/log/finals_2021_248.tar.gz,,5013787.9141728105,774061.9681441963,,9233040.677571569,,,
249,finals_2021_249,game_complete,3,1434,1432,phoenix,2010-02-25,http://ts.powertac.org/log/finals_2021_249.tar.gz,867361.8250329219,1386443.4200683378,,,3753180.887661547,,,
250,finals_2021_250,game_complete,3,1394,1393,denver,2009-11-25,http://ts.powertac.org/log/finals_2021_250.tar.gz,1852223.5298629524,7856131.174188609,1070915.5015337775,,,,,
251,finals_2021_251,game_complete,3,1428,1426,phoenix,2009-08-25,http://ts.powertac.org/log/finals_2021_251.tar.gz,,,1854785.341449679,2150050.4067326225,1003669.8960991491,,,
252,finals_2021_252,game_complete,3,1451,1450,denver,2009-11-19,http://ts.powertac.org/log/finals_2021_252.tar.gz,-32453.670257439015,,,443169.16770896415,1140672.4990516352,,,
253,finals_2021_253,game_complete,3,1441,1440,denver,2008-09-14,http://ts.powertac.org/log/finals_2021_253.tar.gz,-871931.3053886116,,1399145.5052773948,2419285.060465275,,,,
254,finals_2021_254,game_complete,3,1750,1749,denver,2009-12-03,http://ts.powertac.org/log/finals_2021_254.tar.gz,,-169739.3476865907,,-712837.0965097453,1609941.5834215546,,,
255,finals_2021_255,game_complete,3,1360,1359,phoenix,2010-01-12,http://ts.powertac.org/log/finals_2021_255.tar.gz,,1226579.5147541268,76650.24159028573,4991795.131041731,,,,
256,finals_2021_256,game_complete,3,1674,1673,denver,2008-08-01,http://ts.powertac.org/log/finals_2021_256.tar.gz,-28289.16762514612,441508.97019940923,,1955225.2325769449,,,,
257,finals_2021_257,game_complete,3,1796,1795,minneapolis,2009-02-05,http://ts.powertac.org/log/finals_2021_257.tar.gz,,,-104244.57120932652,,4430099.748141065,4372374.500944649,,
258,finals_2021_258,game_complete,3,1357,1356,denver,2009-11-28,http://ts.powertac.org/log/finals_2021_258.tar.gz,318970.2611875608,,,,3155484.563297586,2286559.7512921225,,
259,finals_2021_259,game_complete,3,1500,1499,denver,2009-08-15,http://ts.powertac.org/log/finals_2021_259.tar.gz,-413762.6786962739,,-171694.8529684347,,,1643401.872871952,,
260,finals_2021_260,game_complete,3,1449,1448,phoenix,2009-10-11,http://ts.powertac.org/log/finals_2021_260.tar.gz,,2226122.1171049313,,,718061.5177535311,866555.4720513271,,
261,finals_2021_261,game_complete,3,1871,1870,denver,2009-07-24,http://ts.powertac.org/log/finals_2021_261.tar.gz,,2.0296379027871605E7,1612011.4157587895,,,0.0,,
262,finals_2021_262,game_complete,3,1362,1360,minneapolis,2009-08-14,http://ts.powertac.org/log/finals_2021_262.tar.gz,-449368.25571573107,1110706.964619989,,,,553739.6531553569,,
263,finals_2021_263,game_complete,3,1529,1528,phoenix,2009-11-01,http://ts.powertac.org/log/finals_2021_263.tar.gz,,,,180779.41843926843,1168674.2829430657,-1080312.44570213,,
264,finals_2021_264,game_complete,3,1511,1510,phoenix,2009-01-28,http://ts.powertac.org/log/finals_2021_264.tar.gz,,,497408.0248737211,1.6729929586228818E7,,70104.50589861214,,
265,finals_2021_265,game_complete,3,1357,1356,phoenix,2009-05-22,http://ts.powertac.org/log/finals_2021_265.tar.gz,-2144300.9446407123,,,-2.9893014553783488E7,,0.0,,
266,finals_2021_266,game_complete,3,1420,1419,minneapolis,2008-10-11,http://ts.powertac.org/log/finals_2021_266.tar.gz,,696212.5608283291,,-258598.77727246567,,-25453.307900019914,,
267,finals_2021_267,game_complete,3,1387,1386,minneapolis,2008-08-02,http://ts.powertac.org/log/finals_2021_267.tar.gz,,,-140539.03177909224,,1338253.1871107363,,991123.5877731781,
268,finals_2021_268,game_complete,3,1559,1558,denver,2010-03-01,http://ts.powertac.org/log/finals_2021_268.tar.gz,195858.67921225753,,,,2235602.993239397,,2140942.063914218,
269,finals_2021_269,game_complete,3,1359,1358,denver,2009-10-06,http://ts.powertac.org/log/finals_2021_269.tar.gz,-306501.4959548072,,-11946.29664269986,,,,1.3650105979199568E7,
270,finals_2021_270,game_complete,3,1412,1411,minneapolis,2009-06-11,http://ts.powertac.org/log/finals_2021_270.tar.gz,,365313.5823669154,,,1464050.205391467,,1239227.171640351,
271,finals_2021_271,game_complete,3,1402,1401,denver,2009-03-27,http://ts.powertac.org/log/finals_2021_271.tar.gz,,3361614.7240007436,-78541.56499387082,,,,9443041.344802916,
272,finals_2021_272,game_complete,3,1651,1650,phoenix,2008-12-21,http://ts.powertac.org/log/finals_2021_272.tar.gz,251622.4866091137,2542566.288760681,,,,,6849155.372948431,
273,finals_2021_273,game_complete,3,1460,1459,minneapolis,2009-03-24,http://ts.powertac.org/log/finals_2021_273.tar.gz,,,,825077.9895416405,1583787.0619964502,,878407.1381195522,
274,finals_2021_274,game_complete,3,1340,1339,denver,2010-01-28,http://ts.powertac.org/log/finals_2021_274.tar.gz,,,350516.15052432026,684877.5354249233,,,2565273.638345462,
275,finals_2021_275,game_complete,3,1585,1584,phoenix,2009-02-01,http://ts.powertac.org/log/finals_2021_275.tar.gz,-463255.0409830888,,,1022184.5010847844,,,2068465.9200591235,
276,finals_2021_276,game_complete,3,1393,1392,phoenix,2009-09-17,http://ts.powertac.org/log/finals_2021_276.tar.gz,,-645512.72609218,,836059.6201057053,,,1304411.262727153,
277,finals_2021_277,game_complete,3,1346,1345,denver,2009-11-17,http://ts.powertac.org/log/finals_2021_277.tar.gz,,,,,-191343.62099133473,-2455747.9153944193,-443581.1307877006,
278,finals_2021_278,game_complete,3,1344,1343,phoenix,2009-08-05,http://ts.powertac.org/log/finals_2021_278.tar.gz,,,-673273.0510308474,,,-1.3646103247072726E7,-140264.2936492432,
279,finals_2021_279,game_complete,3,1342,1341,minneapolis,2009-07-03,http://ts.powertac.org/log/finals_2021_279.tar.gz,-273099.9625422325,,,,,930465.1246496963,732147.2238121096,
280,finals_2021_280,game_complete,3,1331,1330,denver,2008-09-12,http://ts.powertac.org/log/finals_2021_280.tar.gz,,-379485.7108512599,,,,97382.3870281686,1674408.9753108886,
281,finals_2021_281,game_complete,3,1363,1362,phoenix,2009-02-12,http://ts.powertac.org/log/finals_2021_281.tar.gz,,,,-2019.4810786959772,,103506.39425959406,998023.7614911576,
282,finals_2021_282,game_complete,3,1381,1380,phoenix,2010-01-24,http://ts.powertac.org/log/finals_2021_282.tar.gz,1901799.004364619,,-110351.4853678516,,1.120768326968727E7,,,
283,finals_2021_283,game_complete,3,1365,1364,minneapolis,2010-03-06,http://ts.powertac.org/log/finals_2021_283.tar.gz,,6472594.115607909,-109486.97424398,,8021801.899732002,,,
284,finals_2021_284,game_complete,3,1477,1476,minneapolis,2009-01-07,http://ts.powertac.org/log/finals_2021_284.tar.gz,1406037.0212052008,2168561.6801109877,,,6479716.985309598,,,
285,finals_2021_285,game_complete,3,1454,1453,minneapolis,2008-11-13,http://ts.powertac.org/log/finals_2021_285.tar.gz,830227.331870618,7808707.249898213,1159921.8799278175,,,,,
286,finals_2021_286,game_complete,3,1579,1578,minneapolis,2008-10-17,http://ts.powertac.org/log/finals_2021_286.tar.gz,,,674063.700906676,-418556.97865312354,-80699.27242058309,,,
287,finals_2021_287,game_complete,3,1328,1327,minneapolis,2008-11-13,http://ts.powertac.org/log/finals_2021_287.tar.gz,-202433.53674473727,,,-1174546.0304866445,240699.79318860304,,,
288,finals_2021_288,game_complete,3,1449,1448,phoenix,2009-07-10,http://ts.powertac.org/log/finals_2021_288.tar.gz,-1.0862286831757009E7,,8662063.403437652,-1.4515079643052418E7,,,,
289,finals_2021_289,game_complete,3,1336,1335,minneapolis,2009-07-25,http://ts.powertac.org/log/finals_2021_289.tar.gz,,130660.07149750498,,917190.7446930985,1259074.7431366895,,,
290,finals_2021_290,game_complete,3,1407,1405,phoenix,2009-05-13,http://ts.powertac.org/log/finals_2021_290.tar.gz,,-648826.9176382815,7733476.003801697,-2.9660159493978664E7,,,,
291,finals_2021_291,game_complete,3,1367,1366,phoenix,2009-12-07,http://ts.powertac.org/log/finals_2021_291.tar.gz,-429504.03990730026,1293416.6291304159,,1569496.8273335525,,,,
292,finals_2021_292,game_complete,3,1335,1334,minneapolis,2008-09-07,http://ts.powertac.org/log/finals_2021_292.tar.gz,,,60189.75073166854,,1.5118231507107927E7,0.0,,
293,finals_2021_293,game_complete,3,1380,1379,denver,2010-01-06,http://ts.powertac.org/log/finals_2021_293.tar.gz,355027.73698376055,,,,2758131.880245887,722933.652445396,,
294,finals_2021_294,game_complete,3,1842,1841,denver,2009-10-26,http://ts.powertac.org/log/finals_2021_294.tar.gz,1309417.3137431324,,277775.5881032996,,,-1132607.9464002848,,
295,finals_2021_295,game_complete,3,1486,1484,phoenix,2008-10-17,http://ts.powertac.org/log/finals_2021_295.tar.gz,,2988159.370615433,,,4951036.3724723,1157323.2387379028,,
296,finals_2021_296,game_complete,3,1809,1808,minneapolis,2009-04-28,http://ts.powertac.org/log/finals_2021_296.tar.gz,,9473958.072269712,259629.04754280095,,,-821265.2995573982,,
297,finals_2021_297,game_complete,3,1343,1341,minneapolis,2009-08-09,http://ts.powertac.org/log/finals_2021_297.tar.gz,-789257.4648515807,1153401.9248400384,,,,83385.4779155375,,
298,finals_2021_298,game_complete,3,1592,1591,denver,2010-01-31,http://ts.powertac.org/log/finals_2021_298.tar.gz,,,,1287343.1859699436,2267265.9508320265,-491733.0212967043,,
299,finals_2021_299,game_complete,3,1350,1349,denver,2009-11-09,http://ts.powertac.org/log/finals_2021_299.tar.gz,,,42525.17181151626,-985650.0940142717,,-12481.707350613016,,
300,finals_2021_300,game_complete,3,1582,1581,minneapolis,2008-11-16,http://ts.powertac.org/log/finals_2021_300.tar.gz,-424504.09211386926,,,-3365875.743416137,,0.0,,
301,finals_2021_301,game_complete,3,1366,1365,denver,2009-10-03,http://ts.powertac.org/log/finals_2021_301.tar.gz,,644935.034072635,,-597322.5364286648,,219377.4391790867,,
302,finals_2021_302,game_complete,3,1338,1337,minneapolis,2009-04-20,http://ts.powertac.org/log/finals_2021_302.tar.gz,,,-73316.58204359062,,1854340.5312468153,,2244162.1361081926,
303,finals_2021_303,game_complete,3,1328,1327,denver,2009-03-07,http://ts.powertac.org/log/finals_2021_303.tar.gz,-82006.67909857191,,,,1317245.9600013248,,847045.7706735077,
304,finals_2021_304,game_complete,3,1784,1783,minneapolis,2008-09-14,http://ts.powertac.org/log/finals_2021_304.tar.gz,1672430.6625684688,,453848.46236075397,,,,1.48120216688125E7,
305,finals_2021_305,game_complete,3,1404,1403,phoenix,2008-08-23,http://ts.powertac.org/log/finals_2021_305.tar.gz,,-815265.8418604481,,,-3522306.4945339477,,8352901.888968465,
306,finals_2021_306,game_complete,3,1583,1582,minneapolis,2009-04-28,http://ts.powertac.org/log/finals_2021_306.tar.gz,,4914866.1059504645,-168224.71974728245,,,,1.0552759743055085E7,
307,finals_2021_307,game_complete,3,1573,1571,minneapolis,2008-08-04,http://ts.powertac.org/log/finals_2021_307.tar.gz,593598.8925909898,45790.1217258072,,,,,3611551.4831210487,
308,finals_2021_308,game_complete,3,1662,1661,minneapolis,2009-08-29,http://ts.powertac.org/log/finals_2021_308.tar.gz,,,,739263.6854095781,1147226.8580009008,,-403073.8958919355,
309,finals_2021_309,game_complete,3,1372,1371,minneapolis,2010-03-26,http://ts.powertac.org/log/finals_2021_309.tar.gz,,,-35698.307827910576,1391320.8742198208,,,1136652.5813434203,
310,finals_2021_310,game_complete,3,1489,1488,phoenix,2009-04-09,http://ts.powertac.org/log/finals_2021_310.tar.gz,-1817140.265805667,,,-4039993.4789731507,,,-8566.144752122296,
311,finals_2021_311,game_complete,3,1367,1366,minneapolis,2010-01-01,http://ts.powertac.org/log/finals_2021_311.tar.gz,,966192.5686658819,,-369012.0057475875,,,5874639.93959644,
312,finals_2021_312,game_complete,3,1329,1328,minneapolis,2009-11-13,http://ts.powertac.org/log/finals_2021_312.tar.gz,,,,,171812.64708820664,347083.529428016,1250420.5058806753,
313,finals_2021_313,game_complete,3,1610,1609,denver,2009-02-10,http://ts.powertac.org/log/finals_2021_313.tar.gz,,,-102386.02963102084,,,-81057.60761064169,3493183.35430742,
314,finals_2021_314,game_complete,3,1354,1353,minneapolis,2009-10-23,http://ts.powertac.org/log/finals_2021_314.tar.gz,-69895.47891468291,,,,,-169135.1169952528,1568099.3969028979,
315,finals_2021_315,game_complete,3,1370,1369,minneapolis,2009-03-08,http://ts.powertac.org/log/finals_2021_315.tar.gz,,451841.990945868,,,,378164.01907293394,2815966.1660949257,
316,finals_2021_316,game_complete,3,1460,1459,minneapolis,2009-06-24,http://ts.powertac.org/log/finals_2021_316.tar.gz,,,,363447.0275119699,,41137.09842777095,1311519.191808548,
317,finals_2021_317,game_complete,3,1520,1519,phoenix,2009-10-01,http://ts.powertac.org/log/finals_2021_317.tar.gz,2374748.3580335267,,217213.5931786669,,9266643.498362603,,,
318,finals_2021_318,game_complete,3,1327,1326,phoenix,2009-08-18,http://ts.powertac.org/log/finals_2021_318.tar.gz,,-580884.4325061581,1399962.5557794664,,-3500366.4243759504,,,
319,finals_2021_319,game_complete,3,1380,1378,phoenix,2010-03-20,http://ts.powertac.org/log/finals_2021_319.tar.gz,95836.42345760795,552116.29607891,,,1995025.3078202507,,,
320,finals_2021_320,game_complete,3,1479,1478,denver,2009-02-15,http://ts.powertac.org/log/finals_2021_320.tar.gz,766257.9824132443,7242265.72959558,953705.948093905,,,,,
321,finals_2021_321,game_complete,3,1335,1333,denver,2009-02-02,http://ts.powertac.org/log/finals_2021_321.tar.gz,,,68507.95840161027,811919.3135532772,1096903.0736985367,,,
322,finals_2021_322,game_complete,3,1558,1557,minneapolis,2010-03-25,http://ts.powertac.org/log/finals_2021_322.tar.gz,149429.20407915494,,,920539.7042446294,1090826.005223684,,,
323,finals_2021_323,game_complete,3,1472,1471,denver,2009-01-11,http://ts.powertac.org/log/finals_2021_323.tar.gz,-192603.06702229285,,793647.0859178827,5962030.553792141,,,,
324,finals_2021_324,game_complete,3,1343,1342,minneapolis,2009-05-26,http://ts.powertac.org/log/finals_2021_324.tar.gz,,381081.62465035135,,1150132.5880554316,1560694.7957319068,,,
325,finals_2021_325,game_complete,3,1322,1321,phoenix,2008-08-19,http://ts.powertac.org/log/finals_2021_325.tar.gz,,-895246.6878257674,991063.9163132902,0.0,,,,
326,finals_2021_326,game_complete,3,1440,1439,denver,2009-01-08,http://ts.powertac.org/log/finals_2021_326.tar.gz,-1415988.2453674946,769669.3225265142,,2306516.9709598282,,,,
327,finals_2021_327,game_complete,3,1740,1739,minneapolis,2009-10-17,http://ts.powertac.org/log/finals_2021_327.tar.gz,,,-95555.43467531826,,69599.07518121059,-6555086.557800248,,
328,finals_2021_328,game_complete,3,1437,1436,phoenix,2008-11-18,http://ts.powertac.org/log/finals_2021_328.tar.gz,631798.9983563258,,,,3009933.14886539,561535.1436310408,,
329,finals_2021_329,game_complete,3,1353,1352,denver,2009-02-05,http://ts.powertac.org/log/finals_2021_329.tar.gz,391364.3814384592,,919551.6514823188,,,0.0,,
330,finals_2021_330,game_complete,3,1371,1370,minneapolis,2009-05-13,http://ts.powertac.org/log/finals_2021_330.tar.gz,,1129286.1362286704,,,1652121.9065236333,765996.9396261957,,
331,finals_2021_331,game_complete,3,1744,1743,minneapolis,2010-01-07,http://ts.powertac.org/log/finals_2021_331.tar.gz,,1.96545748052707E7,2037519.8736025868,,,-32582.413528907782,,
332,finals_2021_332,game_complete,3,1325,1324,phoenix,2008-11-14,http://ts.powertac.org/log/finals_2021_332.tar.gz,-216339.2475283438,1318666.2316406735,,,,1232731.2367739175,,
333,finals_2021_333,game_complete,3,1427,1426,phoenix,2009-08-20,http://ts.powertac.org/log/finals_2021_333.tar.gz,,,,1813904.557901862,-3369161.73404894,-4911185.861689058,,
334,finals_2021_334,game_complete,3,1912,1910,minneapolis,2009-12-22,http://ts.powertac.org/log/finals_2021_334.tar.gz,,,2293233.8689932744,2.3677998533607278E7,,0.0,,
335,finals_2021_335,game_complete,3,1356,1355,minneapolis,2009-01-03,http://ts.powertac.org/log/finals_2021_335.tar.gz,-452805.5020615427,,,5519678.023544254,,0.0,,
336,finals_2021_336,game_complete,3,1410,1409,minneapolis,2009-11-19,http://ts.powertac.org/log/finals_2021_336.tar.gz,,-120089.12235241031,,-19390.10467296969,,0.0,,
337,finals_2021_337,game_complete,3,1425,1424,denver,2008-11-05,http://ts.powertac.org/log/finals_2021_337.tar.gz,,,-2085.1926586902996,,2127422.8365746234,,3834996.1904378803,
338,finals_2021_338,game_complete,3,1513,1512,minneapolis,2009-12-06,http://ts.powertac.org/log/finals_2021_338.tar.gz,-238943.4863265601,,,,681595.4347713824,,2099183.5007072417,
339,finals_2021_339,game_complete,3,1355,1354,denver,2009-09-03,http://ts.powertac.org/log/finals_2021_339.tar.gz,711265.8103340698,,-22433.696279909414,,,,1.039144999623553E7,
340,finals_2021_340,game_complete,3,1353,1352,minneapolis,2008-11-06,http://ts.powertac.org/log/finals_2021_340.tar.gz,,-316272.4644554207,,,-579307.3992969095,,1424308.351076212,
341,finals_2021_341,game_complete,3,1544,1543,phoenix,2008-10-03,http://ts.powertac.org/log/finals_2021_341.tar.gz,,3525394.728590235,-173476.16118238415,,,,1.0775919461814241E7,
342,finals_2021_342,game_complete,3,1380,1379,phoenix,2009-02-12,http://ts.powertac.org/log/finals_2021_342.tar.gz,1149468.4678224581,1434922.0181071009,,,,,5598640.064408497,
343,finals_2021_343,game_complete,3,1354,1353,phoenix,2009-02-27,http://ts.powertac.org/log/finals_2021_343.tar.gz,,,,-699318.6582464799,-306784.53800548665,,-24105.87422876925,
344,finals_2021_344,game_complete,3,1348,1347,phoenix,2009-08-13,http://ts.powertac.org/log/finals_2021_344.tar.gz,,,2265444.0894922107,-7749003.109554215,,,-411927.8622103553,
345,finals_2021_345,game_complete,3,1468,1467,minneapolis,2009-10-26,http://ts.powertac.org/log/finals_2021_345.tar.gz,-121833.87768403687,,,-1407319.4083377318,,,2315099.18718679,
346,finals_2021_346,game_complete,3,1340,1339,denver,2009-07-25,http://ts.powertac.org/log/finals_2021_346.tar.gz,,-254530.71625123135,,1029445.416271452,,,1291293.548481724,
347,finals_2021_347,game_complete,3,1563,1561,minneapolis,2009-03-03,http://ts.powertac.org/log/finals_2021_347.tar.gz,,,,,2582263.5990736415,-409947.6102968365,2989640.553904271,
348,finals_2021_348,game_complete,3,1373,1372,denver,2009-10-31,http://ts.powertac.org/log/finals_2021_348.tar.gz,,,-76993.03950992659,,,0.0,1.5083432367589442E7,
349,finals_2021_349,game_complete,3,1361,1360,minneapolis,2008-12-12,http://ts.powertac.org/log/finals_2021_349.tar.gz,-414723.1248325643,,,,,-68004.45663751487,3199724.241303194,
350,finals_2021_350,game_complete,3,1369,1368,minneapolis,2009-12-25,http://ts.powertac.org/log/finals_2021_350.tar.gz,,-767738.5720236907,,,,0.0,1.197229785024622E7,
351,finals_2021_351,game_complete,3,1324,1323,minneapolis,2008-11-29,http://ts.powertac.org/log/finals_2021_351.tar.gz,,,,-186215.6859998434,,258676.0503288834,2372260.236320416,
352,finals_2021_352,game_complete,3,1403,1402,denver,2009-04-30,http://ts.powertac.org/log/finals_2021_352.tar.gz,2575110.312409546,,-1315.7887812890287,,6810068.27855587,,,
353,finals_2021_353,game_complete,3,1488,1487,minneapolis,2009-06-27,http://ts.powertac.org/log/finals_2021_353.tar.gz,,8337642.643848662,107360.72622600122,,8351225.331183322,,,
354,finals_2021_354,game_complete,3,1355,1353,minneapolis,2009-10-21,http://ts.powertac.org/log/finals_2021_354.tar.gz,672861.7126443896,603969.0003350816,,,3332976.0985376188,,,
355,finals_2021_355,game_complete,3,1574,1573,minneapolis,2009-01-16,http://ts.powertac.org/log/finals_2021_355.tar.gz,1770350.3765565795,1.4646841039806137E7,2507960.072282424,,,,,
356,finals_2021_356,game_complete,3,1372,1371,phoenix,2008-11-27,http://ts.powertac.org/log/finals_2021_356.tar.gz,,,-78947.91434978489,1161257.4243963705,1765716.3460123285,,,
357,finals_2021_357,game_complete,3,1476,1475,minneapolis,2009-03-27,http://ts.powertac.org/log/finals_2021_357.tar.gz,25575.702646522812,,,1441864.483197778,1969854.4523690764,,,
358,finals_2021_358,game_complete,3,1330,1329,minneapolis,2009-03-21,http://ts.powertac.org/log/finals_2021_358.tar.gz,184911.49451798163,,653567.5010886509,4796039.81802466,,,,
359,finals_2021_359,game_complete,3,1516,1515,minneapolis,2008-09-28,http://ts.powertac.org/log/finals_2021_359.tar.gz,,580720.8523826312,,129313.75667676737,1375686.4379978133,,,
360,finals_2021_360,game_complete,3,1465,1464,phoenix,2008-10-28,http://ts.powertac.org/log/finals_2021_360.tar.gz,,926539.4282712947,300420.9238440018,3304912.479993119,,,,
361,finals_2021_361,game_complete,3,1572,1571,minneapolis,2009-09-07,http://ts.powertac.org/log/finals_2021_361.tar.gz,-1369.5819720044194,847924.9063421407,,1003514.9399312957,,,,
362,finals_2021_362,game_complete,3,1385,1384,minneapolis,2008-12-07,http://ts.powertac.org/log/finals_2021_362.tar.gz,,,-92571.7147136606,,2352187.9335824875,3363109.775404478,,
363,finals_2021_363,game_complete,3,1320,1319,denver,2010-01-26,http://ts.powertac.org/log/finals_2021_363.tar.gz,-88447.25708859993,,,,2917822.6595059615,854181.251452584,,
364,finals_2021_364,game_complete,3,1348,1347,minneapolis,2010-01-09,http://ts.powertac.org/log/finals_2021_364.tar.gz,-347315.3610964141,,-45503.67339103206,,,2199076.886499868,,
365,finals_2021_365,game_complete,3,1374,1373,phoenix,2010-01-12,http://ts.powertac.org/log/finals_2021_365.tar.gz,,6265873.347917826,,,8789394.775563937,0.0,,
366,finals_2021_366,game_complete,3,1975,1974,denver,2008-09-30,http://ts.powertac.org/log/finals_2021_366.tar.gz,,2.270430491134026E7,2141791.836256828,,,0.0,,
367,finals_2021_367,game_complete,3,1324,1322,denver,2009-04-22,http://ts.powertac.org/log/finals_2021_367.tar.gz,-63806.84402429612,1412256.9553235054,,,,2479839.6511791083,,
368,finals_2021_368,game_complete,3,1340,1339,denver,2009-12-03,http://ts.powertac.org/log/finals_2021_368.tar.gz,,,,1002809.4376710993,1465172.0014016377,-1125154.3517004827,,
369,finals_2021_369,game_complete,3,1336,1335,denver,2009-12-14,http://ts.powertac.org/log/finals_2021_369.tar.gz,,,-148730.9349288839,2269859.898723724,,871544.1246665865,,
370,finals_2021_370,game_complete,3,1856,1855,denver,2009-06-15,http://ts.powertac.org/log/finals_2021_370.tar.gz,138831.23495812775,,,282765.1279822299,,-218679.6928457894,,
371,finals_2021_371,game_complete,3,1405,1404,phoenix,2010-03-09,http://ts.powertac.org/log/finals_2021_371.tar.gz,,563918.7081289138,,1829147.5689670763,,0.0,,
372,finals_2021_372,game_complete,3,1333,1332,minneapolis,2009-12-23,http://ts.powertac.org/log/finals_2021_372.tar.gz,,,63631.753806355126,,2788549.0256542866,,5416292.714652246,
373,finals_2021_373,game_complete,3,1557,1556,phoenix,2008-11-23,http://ts.powertac.org/log/finals_2021_373.tar.gz,199701.45960031523,,,,933608.961935487,,897957.4643166492,
374,finals_2021_374,game_complete,3,1484,1483,minneapolis,2009-08-22,http://ts.powertac.org/log/finals_2021_374.tar.gz,1194654.3857397784,,120476.3048132852,,,,1.070137586295215E7,
375,finals_2021_375,game_complete,3,1332,1331,phoenix,2009-08-09,http://ts.powertac.org/log/finals_2021_375.tar.gz,,-606185.3728269882,,,-2383850.985583026,,889167.7867927888,
376,finals_2021_376,game_complete,3,1446,1445,denver,2009-04-30,http://ts.powertac.org/log/finals_2021_376.tar.gz,,3339755.63451899,-16962.28530459128,,,,8922062.674946059,
377,finals_2021_377,game_complete,3,1337,1336,denver,2010-01-15,http://ts.powertac.org/log/finals_2021_377.tar.gz,478497.91463281,493597.34501333395,,,,,5152600.513726704,
378,finals_2021_378,game_complete,3,1417,1416,denver,2009-06-06,http://ts.powertac.org/log/finals_2021_378.tar.gz,,,,352154.34468303225,514669.70677820966,,677609.0534699473,
379,finals_2021_379,game_complete,3,1460,1459,minneapolis,2009-11-28,http://ts.powertac.org/log/finals_2021_379.tar.gz,,,603540.4176479058,706991.136070332,,,6609207.328178827,
380,finals_2021_380,game_complete,3,1446,1445,minneapolis,2009-04-01,http://ts.powertac.org/log/finals_2021_380.tar.gz,32513.951674111835,,,1538094.418218069,,,2113404.975724041,
381,finals_2021_381,game_complete,3,1734,1733,phoenix,2009-02-25,http://ts.powertac.org/log/finals_2021_381.tar.gz,,-640429.5993546661,,-4027035.6369155827,,,1099378.364965069,
382,finals_2021_382,game_complete,3,1516,1515,minneapolis,2008-08-03,http://ts.powertac.org/log/finals_2021_382.tar.gz,,,,,1082759.7123244945,-440298.85917908896,349788.2660674124,
383,finals_2021_383,game_complete,3,1368,1367,denver,2009-01-25,http://ts.powertac.org/log/finals_2021_383.tar.gz,,,-164209.7779014212,,,0.0,1.6247441859812744E7,
384,finals_2021_384,game_complete,3,1357,1356,denver,2010-03-05,http://ts.powertac.org/log/finals_2021_384.tar.gz,1845954.89781915,,,,,0.0,1.2396662167090002E7,
385,finals_2021_385,game_complete,3,1417,1416,phoenix,2009-01-13,http://ts.powertac.org/log/finals_2021_385.tar.gz,,-591527.9381787952,,,,1231874.9222370577,1782020.1335492907,
386,finals_2021_386,game_complete,3,1533,1532,phoenix,2010-02-22,http://ts.powertac.org/log/finals_2021_386.tar.gz,,,,342545.9796358222,,-142370.95712361202,873947.9017039512,
